order_id,order_date,ship_date,customer_id,product_id,quantity,unit_price,discount,shipping_cost,ship_city,ship_state,ship_region,payment_method,sales_channel
ORD0001,30-10-2023,09-11-2023,CUST6379,PROD379,6,588.64,0.3,235.23,Hyderabad,Telangana,South,Net Banking,Online
ORD0002,19-09-2024,28-09-2024,CUST1032,PROD652,5,1843.4,0.13,113.71,Hyderabad,Telangana,South,Net Banking,Online
ORD0003,17-01-2020,22-01-2020,CUST2132,PROD217,3,152.58,0.28,60.34,Hyderabad,Telangana,South,Cash on Delivery,Online
ORD0004,21-09-2023,26-09-2023,CUST9806,PROD697,10,1998.9,0.05,264.78,Bengaluru,Karnataka,South,Cash on Delivery,Online
ORD0005,24-05-2021,27-05-2021,CUST4976,PROD813,3,1054.96,0.27,286.49,Ahmedabad,Gujarat,West,Cash on Delivery,Online
ORD0006,02-01-2023,12-01-2023,CUST1499,PROD748,6,3907.79,0.23,185.81,Hyderabad,Telangana,South,UPI,Retail Store
ORD0007,12-04-2021,17-04-2021,CUST8952,PROD450,9,117.09,0.06,60.61,Mumbai,Maharashtra,West,Cash on Delivery,Wholesale
ORD0008,13-12-2022,15-12-2022,CUST3459,PROD457,5,1106.27,0.03,271.6,Mumbai,Maharashtra,West,Net Banking,Online
ORD0009,28-11-2021,03-12-2021,CUST2361,PROD126,6,3446.73,0.02,86.75,Mumbai,Maharashtra,West,Net Banking,Retail Store
ORD0010,05-03-2024,09-03-2024,CUST6628,PROD355,2,2996.46,0.23,254.56,Hyderabad,Telangana,South,UPI,Online
ORD0011,08-10-2021,16-10-2021,CUST2863,PROD631,2,1744.68,0.13,58.13,Bengaluru,Karnataka,South,Credit Card,Retail Store
ORD0012,03-01-2023,13-01-2023,CUST9544,PROD683,3,1927.8,0.19,108.54,Delhi,Delhi,North,Credit Card,Wholesale
ORD0013,05-09-2024,08-09-2024,CUST8419,PROD103,10,2782.07,0.07,279.09,Kolkata,West Bengal,East,Net Banking,Wholesale
ORD0014,22-02-2020,02-03-2020,CUST7051,PROD521,10,3042.39,0.17,106.07,Chennai,Tamil Nadu,South,Debit Card,Wholesale
ORD0015,20-05-2023,24-05-2023,CUST1020,PROD783,6,3418.49,0.09,257.77,Chennai,Tamil Nadu,South,Credit Card,Retail Store
ORD0016,19-12-2023,25-12-2023,CUST1426,PROD549,4,4507.99,0.25,281.34,Delhi,Delhi,North,Net Banking,Wholesale
ORD0017,04-02-2023,06-02-2023,CUST7032,PROD219,5,2906.07,0.02,36.9,Chennai,Tamil Nadu,South,UPI,Retail Store
ORD0018,25-04-2023,03-05-2023,CUST5526,PROD362,5,1122.17,0.04,111.03,Bengaluru,Karnataka,South,Cash on Delivery,Wholesale
ORD0019,18-03-2022,25-03-2022,CUST3079,PROD934,9,665.77,0.2,187.63,Delhi,Delhi,North,Cash on Delivery,Retail Store
ORD0020,22-02-2021,25-02-2021,CUST9595,PROD922,7,1687.57,0.17,182.3,Pune,Maharashtra,West,Net Banking,Retail Store
ORD0021,05-02-2024,15-02-2024,CUST9407,PROD210,7,3230.23,0.1,40.57,Hyderabad,Telangana,South,Net Banking,Retail Store
ORD0022,06-05-2024,09-05-2024,CUST6297,PROD575,9,2729.64,0,245.67,Chennai,Tamil Nadu,South,Net Banking,Retail Store
ORD0023,24-06-2023,03-07-2023,CUST5729,PROD199,3,2302.48,0.07,260.74,Mumbai,Maharashtra,West,Net Banking,Wholesale
ORD0024,11-03-2022,14-03-2022,CUST7857,PROD473,2,3088.01,0.03,122.55,Chennai,Tamil Nadu,South,Cash on Delivery,Retail Store
ORD0025,25-01-2022,04-02-2022,CUST1144,PROD542,3,2529.69,0.1,283.26,Hyderabad,Telangana,South,Debit Card,Wholesale
ORD0026,10-08-2023,14-08-2023,CUST7225,PROD585,1,1582.89,0.27,137.27,Mumbai,Maharashtra,West,Credit Card,Retail Store
ORD0027,09-02-2022,18-02-2022,CUST2383,PROD562,5,1483.97,0.02,195.6,Kolkata,West Bengal,East,Cash on Delivery,Online
ORD0028,29-03-2020,06-04-2020,CUST6808,PROD905,4,3536.95,0.16,216.72,Pune,Maharashtra,West,Credit Card,Online
ORD0029,19-02-2023,25-02-2023,CUST2651,PROD589,7,491.48,0.24,119.39,Pune,Maharashtra,West,Cash on Delivery,Online
ORD0030,14-11-2024,22-11-2024,CUST4374,PROD851,3,181.36,0.01,194.48,Hyderabad,Telangana,South,Net Banking,Online
ORD0031,05-11-2021,06-11-2021,CUST2888,PROD748,4,885.07,0.04,90.93,Hyderabad,Telangana,South,Credit Card,Wholesale
ORD0032,25-09-2020,02-10-2020,CUST2287,PROD292,9,4841.45,0.16,214.04,Pune,Maharashtra,West,Net Banking,Retail Store
ORD0033,25-05-2024,29-05-2024,CUST2115,PROD415,8,1385.11,0.11,84.92,Pune,Maharashtra,West,Debit Card,Wholesale
ORD0034,11-07-2022,19-07-2022,CUST4161,PROD912,4,2202.65,0.05,212.76,Hyderabad,Telangana,South,Debit Card,Wholesale
ORD0035,29-08-2023,06-09-2023,CUST7616,PROD447,10,4084.84,0.02,62.18,Delhi,Delhi,North,Cash on Delivery,Wholesale
ORD0036,01-01-2020,08-01-2020,CUST9172,PROD488,2,2496.11,0.19,26.92,Pune,Maharashtra,West,Debit Card,Online
ORD0037,03-06-2022,07-06-2022,CUST9076,PROD162,5,191.54,0.15,34.54,Mumbai,Maharashtra,West,Net Banking,Retail Store
ORD0038,19-04-2021,22-04-2021,CUST9775,PROD112,6,799.11,0.29,100.19,Delhi,Delhi,North,Debit Card,Retail Store
ORD0039,12-03-2020,14-03-2020,CUST5008,PROD699,6,3021.74,0.28,24.64,Bengaluru,Karnataka,South,Debit Card,Wholesale
ORD0040,14-05-2022,24-05-2022,CUST7113,PROD354,5,2728.78,0.27,129.07,Pune,Maharashtra,West,Net Banking,Wholesale
ORD0041,03-01-2024,08-01-2024,CUST7925,PROD710,6,2374.4,0.09,85.05,Kolkata,West Bengal,East,UPI,Online
ORD0042,24-10-2023,01-11-2023,CUST8784,PROD373,10,2349.1,0.25,40.98,Chennai,Tamil Nadu,South,Cash on Delivery,Wholesale
ORD0043,04-09-2024,08-09-2024,CUST8499,PROD152,6,126.67,0.04,177.77,Delhi,Delhi,North,Debit Card,Wholesale
ORD0044,24-08-2022,27-08-2022,CUST9799,PROD413,8,1611.65,0.02,100.09,Chennai,Tamil Nadu,South,Cash on Delivery,Online
ORD0045,07-06-2023,12-06-2023,CUST8959,PROD953,3,953.61,0.15,134.12,Kolkata,West Bengal,East,Credit Card,Wholesale
ORD0046,14-05-2020,17-05-2020,CUST5632,PROD386,7,3560.61,0.21,91.86,Chennai,Tamil Nadu,South,UPI,Retail Store
ORD0047,04-10-2024,14-10-2024,CUST6521,PROD599,5,2909.38,0.24,53.36,Mumbai,Maharashtra,West,UPI,Retail Store
ORD0048,10-02-2020,16-02-2020,CUST6569,PROD590,10,4101.95,0.13,227.28,Kolkata,West Bengal,East,Debit Card,Wholesale
ORD0049,10-02-2020,19-02-2020,CUST7710,PROD474,7,2398.24,0.14,49.58,Mumbai,Maharashtra,West,Cash on Delivery,Online
ORD0050,29-06-2020,03-07-2020,CUST6894,PROD139,3,1529.26,0.08,86,Delhi,Delhi,North,Net Banking,Online
ORD0051,02-12-2024,09-12-2024,CUST3547,PROD577,9,2196.19,0.18,135.57,Ahmedabad,Gujarat,West,Net Banking,Online
ORD0052,22-10-2024,26-10-2024,CUST6954,PROD177,10,3463.21,0.2,190.08,Chennai,Tamil Nadu,South,UPI,Wholesale
ORD0053,12-03-2023,14-03-2023,CUST4814,PROD787,10,1714.61,0.2,168.8,Chennai,Tamil Nadu,South,Cash on Delivery,Online
ORD0054,25-03-2024,28-03-2024,CUST9375,PROD587,2,3635.26,0.06,243.39,Delhi,Delhi,North,Cash on Delivery,Retail Store
ORD0055,23-11-2021,26-11-2021,CUST5347,PROD221,5,4351.15,0.24,162.21,Kolkata,West Bengal,East,Debit Card,Wholesale
ORD0056,25-01-2024,26-01-2024,CUST7050,PROD905,10,4532.41,0.28,113.67,Kolkata,West Bengal,East,Cash on Delivery,Online
ORD0057,11-07-2021,14-07-2021,CUST3911,PROD386,9,747.63,0.07,62.97,Pune,Maharashtra,West,UPI,Online
ORD0058,30-11-2021,01-12-2021,CUST3767,PROD124,9,1851.85,0.16,95.72,Mumbai,Maharashtra,West,Credit Card,Wholesale
ORD0059,12-06-2024,16-06-2024,CUST6752,PROD946,10,3028.01,0.25,92.63,Hyderabad,Telangana,South,Credit Card,Retail Store
ORD0060,16-03-2021,22-03-2021,CUST6849,PROD681,7,1613.02,0.23,30.48,Kolkata,West Bengal,East,Credit Card,Retail Store
ORD0061,04-03-2022,11-03-2022,CUST6631,PROD961,8,4115.07,0.27,164.83,Delhi,Delhi,North,UPI,Online
ORD0062,12-03-2020,15-03-2020,CUST9048,PROD460,5,3037.09,0.17,45.8,Pune,Maharashtra,West,UPI,Retail Store
ORD0063,23-12-2021,25-12-2021,CUST2747,PROD218,8,4815.17,0.02,212.79,Ahmedabad,Gujarat,West,Net Banking,Wholesale
ORD0064,05-12-2023,07-12-2023,CUST6656,PROD902,8,988.43,0.19,86.24,Bengaluru,Karnataka,South,Credit Card,Online
ORD0065,31-05-2022,05-06-2022,CUST9050,PROD514,7,266.67,0.08,160.66,Pune,Maharashtra,West,Credit Card,Retail Store
ORD0066,05-03-2022,10-03-2022,CUST6147,PROD663,2,4144.78,0.22,291.12,Pune,Maharashtra,West,Debit Card,Online
ORD0067,18-12-2023,19-12-2023,CUST7923,PROD180,3,4192.78,0.17,267.18,Delhi,Delhi,North,Cash on Delivery,Wholesale
ORD0068,18-11-2024,27-11-2024,CUST2159,PROD778,6,3097.85,0.12,89.32,Bengaluru,Karnataka,South,Net Banking,Retail Store
ORD0069,17-02-2021,25-02-2021,CUST1814,PROD663,5,4550.96,0.28,119.09,Ahmedabad,Gujarat,West,Credit Card,Wholesale
ORD0070,11-03-2023,15-03-2023,CUST9139,PROD994,10,4570.23,0.19,87.71,Hyderabad,Telangana,South,Cash on Delivery,Online
ORD0071,07-11-2020,10-11-2020,CUST1317,PROD806,7,2786.05,0.14,139.47,Mumbai,Maharashtra,West,Net Banking,Wholesale
ORD0072,01-09-2023,09-09-2023,CUST5858,PROD882,6,4251.05,0.08,85.87,Bengaluru,Karnataka,South,Cash on Delivery,Retail Store
ORD0073,15-05-2021,20-05-2021,CUST9421,PROD498,10,4937.15,0.2,195.22,Pune,Maharashtra,West,UPI,Retail Store
ORD0074,20-01-2023,21-01-2023,CUST6307,PROD538,2,1681.69,0.06,250.22,Hyderabad,Telangana,South,Debit Card,Wholesale
ORD0075,24-07-2024,29-07-2024,CUST3241,PROD378,6,3732.79,0.17,149.75,Hyderabad,Telangana,South,Credit Card,Wholesale
ORD0076,22-12-2024,31-12-2024,CUST7436,PROD674,4,4361.71,0.16,83.04,Delhi,Delhi,North,UPI,Retail Store
ORD0077,15-07-2021,21-07-2021,CUST1003,PROD238,3,2800.47,0.19,89.58,Delhi,Delhi,North,UPI,Wholesale
ORD0078,25-11-2021,04-12-2021,CUST1150,PROD532,3,4876.63,0.25,90.3,Hyderabad,Telangana,South,UPI,Retail Store
ORD0079,26-09-2020,28-09-2020,CUST6100,PROD839,8,2065.35,0.26,137.57,Bengaluru,Karnataka,South,Credit Card,Online
ORD0080,10-11-2024,17-11-2024,CUST8827,PROD793,8,4740.06,0.02,29.56,Kolkata,West Bengal,East,Cash on Delivery,Wholesale
ORD0081,03-01-2022,08-01-2022,CUST2073,PROD392,2,1666.74,0.3,200.25,Pune,Maharashtra,West,Net Banking,Online
ORD0082,21-08-2023,27-08-2023,CUST8669,PROD147,6,148.3,0.18,154.94,Hyderabad,Telangana,South,Net Banking,Retail Store
ORD0083,23-07-2024,31-07-2024,CUST7127,PROD191,9,4976.85,0,253.43,Hyderabad,Telangana,South,Cash on Delivery,Retail Store
ORD0084,23-03-2020,27-03-2020,CUST9409,PROD480,1,4915.06,0.01,71.06,Hyderabad,Telangana,South,Credit Card,Wholesale
ORD0085,04-08-2022,06-08-2022,CUST2383,PROD793,6,4933.15,0.08,244.09,Chennai,Tamil Nadu,South,Net Banking,Retail Store
ORD0086,14-02-2020,22-02-2020,CUST6416,PROD141,9,4826.44,0.27,287.41,Bengaluru,Karnataka,South,Net Banking,Online
ORD0087,28-07-2020,04-08-2020,CUST6613,PROD967,8,121.68,0.26,262.31,Bengaluru,Karnataka,South,UPI,Wholesale
ORD0088,23-10-2022,28-10-2022,CUST3953,PROD717,7,3749.62,0.1,133.59,Mumbai,Maharashtra,West,Debit Card,Online
ORD0089,27-06-2022,07-07-2022,CUST7451,PROD332,3,1689.94,0.23,61.72,Bengaluru,Karnataka,South,Cash on Delivery,Online
ORD0090,10-10-2024,15-10-2024,CUST7379,PROD829,7,3823.85,0.01,171.55,Bengaluru,Karnataka,South,Net Banking,Retail Store
ORD0091,18-03-2024,24-03-2024,CUST6454,PROD531,3,3581.49,0.12,128.47,Chennai,Tamil Nadu,South,Debit Card,Retail Store
ORD0092,19-06-2020,22-06-2020,CUST5517,PROD662,6,2514.42,0.22,241.87,Mumbai,Maharashtra,West,Net Banking,Wholesale
ORD0093,26-09-2024,05-10-2024,CUST4531,PROD820,1,3314.45,0.25,261.14,Ahmedabad,Gujarat,West,Cash on Delivery,Wholesale
ORD0094,09-03-2020,10-03-2020,CUST9418,PROD419,9,4538.95,0.22,293,Delhi,Delhi,North,Net Banking,Wholesale
ORD0095,20-07-2020,21-07-2020,CUST6502,PROD217,7,733.07,0.05,59.31,Chennai,Tamil Nadu,South,Cash on Delivery,Retail Store
ORD0096,05-12-2020,08-12-2020,CUST9978,PROD634,4,4105.88,0.07,167.53,Mumbai,Maharashtra,West,Cash on Delivery,Online
ORD0097,12-11-2021,14-11-2021,CUST1355,PROD527,6,1523.76,0.02,205.16,Pune,Maharashtra,West,UPI,Online
ORD0098,08-10-2024,15-10-2024,CUST7953,PROD868,7,3126.97,0.09,266.73,Delhi,Delhi,North,Cash on Delivery,Online
ORD0099,17-08-2022,25-08-2022,CUST5528,PROD686,3,1071.94,0.03,259.97,Bengaluru,Karnataka,South,UPI,Wholesale
ORD0100,25-07-2020,27-07-2020,CUST2131,PROD496,1,2912.74,0.09,105.47,Chennai,Tamil Nadu,South,Cash on Delivery,Retail Store
ORD0101,17-10-2020,21-10-2020,CUST6876,PROD756,9,3608.48,0.28,222.52,Ahmedabad,Gujarat,West,Net Banking,Online
ORD0102,11-12-2021,18-12-2021,CUST2560,PROD454,8,1781.75,0.11,127.68,Ahmedabad,Gujarat,West,Debit Card,Retail Store
ORD0103,08-05-2020,12-05-2020,CUST2266,PROD423,2,895.38,0.22,71.03,Delhi,Delhi,North,UPI,Online
ORD0104,06-12-2024,12-12-2024,CUST7838,PROD834,10,3046.91,0.26,246.6,Delhi,Delhi,North,UPI,Online
ORD0105,05-03-2020,08-03-2020,CUST7404,PROD739,4,2727.66,0.1,293.06,Hyderabad,Telangana,South,Credit Card,Wholesale
ORD0106,28-06-2020,02-07-2020,CUST4790,PROD363,10,4264.47,0.12,155.07,Delhi,Delhi,North,Credit Card,Online
ORD0107,17-11-2024,18-11-2024,CUST4769,PROD133,9,2186.06,0.27,203.43,Pune,Maharashtra,West,UPI,Retail Store
ORD0108,12-07-2023,13-07-2023,CUST9785,PROD993,10,4712.21,0.1,54.97,Pune,Maharashtra,West,Debit Card,Retail Store
ORD0109,16-06-2022,24-06-2022,CUST7952,PROD478,9,4960.41,0.2,270.99,Kolkata,West Bengal,East,Net Banking,Retail Store
ORD0110,05-02-2021,12-02-2021,CUST8549,PROD443,6,4762.95,0.07,105.07,Hyderabad,Telangana,South,Net Banking,Online
ORD0111,11-05-2024,17-05-2024,CUST2528,PROD227,6,573.53,0.18,209.22,Kolkata,West Bengal,East,Credit Card,Wholesale
ORD0112,14-12-2022,17-12-2022,CUST8341,PROD511,8,2383.47,0.28,210.56,Hyderabad,Telangana,South,Debit Card,Retail Store
ORD0113,04-06-2021,13-06-2021,CUST4300,PROD884,10,1503.88,0.14,193.33,Kolkata,West Bengal,East,Credit Card,Wholesale
ORD0114,08-02-2022,13-02-2022,CUST6164,PROD785,6,4471.59,0.07,157.42,Mumbai,Maharashtra,West,Cash on Delivery,Wholesale
ORD0115,16-05-2024,17-05-2024,CUST8264,PROD203,3,763.36,0.26,139.33,Delhi,Delhi,North,Cash on Delivery,Wholesale
ORD0116,24-07-2021,26-07-2021,CUST7664,PROD176,6,1847.58,0.21,52.28,Ahmedabad,Gujarat,West,Debit Card,Wholesale
ORD0117,25-09-2022,02-10-2022,CUST3878,PROD791,9,2300.63,0.17,128.99,Bengaluru,Karnataka,South,Debit Card,Online
ORD0118,02-05-2023,11-05-2023,CUST9879,PROD188,7,2035.45,0.19,75.63,Hyderabad,Telangana,South,UPI,Online
ORD0119,23-01-2022,24-01-2022,CUST6463,PROD456,2,2322.9,0.19,193.41,Kolkata,West Bengal,East,Debit Card,Wholesale
ORD0120,16-11-2021,26-11-2021,CUST3310,PROD478,4,160.03,0.2,195.46,Delhi,Delhi,North,Debit Card,Wholesale
ORD0121,03-01-2021,12-01-2021,CUST4861,PROD167,5,4568.66,0.17,190.78,Kolkata,West Bengal,East,Credit Card,Online
ORD0122,05-03-2022,14-03-2022,CUST9740,PROD213,4,4198.1,0.07,105.74,Chennai,Tamil Nadu,South,Cash on Delivery,Retail Store
ORD0123,27-08-2022,03-09-2022,CUST4266,PROD517,9,4031.7,0.02,28.76,Delhi,Delhi,North,Debit Card,Wholesale
ORD0124,14-10-2024,22-10-2024,CUST8270,PROD562,2,869.95,0.26,112.46,Kolkata,West Bengal,East,Net Banking,Online
ORD0125,07-05-2021,13-05-2021,CUST4194,PROD226,1,292.62,0.21,176.11,Kolkata,West Bengal,East,Net Banking,Retail Store
ORD0126,21-05-2024,26-05-2024,CUST5267,PROD894,8,2020.43,0.19,144.04,Chennai,Tamil Nadu,South,Net Banking,Wholesale
ORD0127,05-04-2020,06-04-2020,CUST1546,PROD269,4,3785.19,0.21,67.25,Kolkata,West Bengal,East,Credit Card,Online
ORD0128,12-09-2022,17-09-2022,CUST5333,PROD215,8,414.06,0.26,45.25,Ahmedabad,Gujarat,West,Debit Card,Wholesale
ORD0129,08-05-2024,12-05-2024,CUST9394,PROD552,9,1693.82,0.3,210.86,Delhi,Delhi,North,UPI,Online
ORD0130,12-06-2021,16-06-2021,CUST7061,PROD113,9,2684.68,0.09,278.83,Pune,Maharashtra,West,Net Banking,Retail Store
ORD0131,20-12-2021,27-12-2021,CUST3601,PROD179,10,2458.12,0.29,177.76,Chennai,Tamil Nadu,South,Cash on Delivery,Retail Store
ORD0132,04-11-2020,10-11-2020,CUST5559,PROD967,6,2813.79,0.01,252.06,Bengaluru,Karnataka,South,Cash on Delivery,Retail Store
ORD0133,29-02-2020,02-03-2020,CUST1166,PROD325,2,2475.54,0.24,295.06,Pune,Maharashtra,West,Debit Card,Online
ORD0134,09-09-2023,15-09-2023,CUST5454,PROD458,3,694.28,0.07,103.46,Chennai,Tamil Nadu,South,Debit Card,Online
ORD0135,18-12-2023,21-12-2023,CUST8169,PROD410,3,2060.74,0.16,38.58,Hyderabad,Telangana,South,Debit Card,Retail Store
ORD0136,01-11-2022,09-11-2022,CUST4356,PROD319,7,4624.06,0.25,87.09,Ahmedabad,Gujarat,West,Debit Card,Online
ORD0137,10-03-2022,15-03-2022,CUST9152,PROD707,1,4173.19,0.18,298.8,Delhi,Delhi,North,Net Banking,Online
ORD0138,23-01-2020,28-01-2020,CUST3658,PROD409,3,4618.53,0.19,54.59,Hyderabad,Telangana,South,Cash on Delivery,Online
ORD0139,07-05-2023,17-05-2023,CUST8543,PROD314,2,2398.09,0.15,112.04,Delhi,Delhi,North,Credit Card,Retail Store
ORD0140,09-02-2023,15-02-2023,CUST3824,PROD567,8,4263.47,0.15,227.16,Bengaluru,Karnataka,South,Debit Card,Retail Store
ORD0141,02-04-2024,07-04-2024,CUST3826,PROD942,3,238.47,0.07,248.63,Bengaluru,Karnataka,South,UPI,Online
ORD0142,13-02-2020,22-02-2020,CUST6084,PROD598,9,1801.08,0.06,195.93,Pune,Maharashtra,West,UPI,Wholesale
ORD0143,10-10-2021,17-10-2021,CUST8911,PROD116,8,4931.03,0.19,45.15,Mumbai,Maharashtra,West,Net Banking,Online
ORD0144,06-12-2023,12-12-2023,CUST1028,PROD805,4,1557.38,0.24,53.95,Pune,Maharashtra,West,Credit Card,Retail Store
ORD0145,02-03-2021,09-03-2021,CUST6047,PROD666,4,207.55,0.04,93.52,Mumbai,Maharashtra,West,Cash on Delivery,Retail Store
ORD0146,18-04-2024,28-04-2024,CUST7245,PROD860,6,1669.48,0.2,216.74,Delhi,Delhi,North,Debit Card,Wholesale
ORD0147,01-10-2021,05-10-2021,CUST3957,PROD811,5,3564.89,0.3,238.17,Mumbai,Maharashtra,West,Debit Card,Wholesale
ORD0148,22-03-2022,01-04-2022,CUST4779,PROD320,2,4550.6,0.21,24.49,Pune,Maharashtra,West,Credit Card,Retail Store
ORD0149,14-06-2024,24-06-2024,CUST3328,PROD260,6,2920.2,0.07,25.88,Delhi,Delhi,North,Net Banking,Retail Store
ORD0150,24-12-2021,27-12-2021,CUST2601,PROD248,10,1309.14,0.28,55.27,Ahmedabad,Gujarat,West,Credit Card,Online
ORD0151,17-09-2020,22-09-2020,CUST3829,PROD795,10,4958.13,0,233.95,Hyderabad,Telangana,South,UPI,Online
ORD0152,30-03-2020,05-04-2020,CUST3999,PROD129,8,1515.88,0.06,236.68,Mumbai,Maharashtra,West,Net Banking,Retail Store
ORD0153,28-03-2023,06-04-2023,CUST6243,PROD519,5,933.06,0.21,141.67,Hyderabad,Telangana,South,Net Banking,Wholesale
ORD0154,01-08-2021,06-08-2021,CUST1850,PROD917,2,3947.15,0,55.73,Mumbai,Maharashtra,West,Debit Card,Online
ORD0155,26-12-2023,29-12-2023,CUST6715,PROD559,10,2260.92,0,137.37,Hyderabad,Telangana,South,UPI,Wholesale
ORD0156,19-11-2024,29-11-2024,CUST7481,PROD559,4,408.64,0.24,104.42,Bengaluru,Karnataka,South,Net Banking,Wholesale
ORD0157,27-02-2020,01-03-2020,CUST6327,PROD577,6,261.08,0.07,147.7,Ahmedabad,Gujarat,West,Debit Card,Online
ORD0158,02-12-2023,12-12-2023,CUST7714,PROD295,1,590.18,0.11,217.95,Delhi,Delhi,North,Debit Card,Wholesale
ORD0159,23-06-2023,03-07-2023,CUST6611,PROD222,5,2441.18,0.17,192.03,Bengaluru,Karnataka,South,Credit Card,Retail Store
ORD0160,29-10-2020,31-10-2020,CUST1457,PROD381,3,1142.56,0.28,153.87,Delhi,Delhi,North,Cash on Delivery,Retail Store
ORD0161,20-11-2022,21-11-2022,CUST1392,PROD278,8,3616.23,0.07,109.12,Bengaluru,Karnataka,South,Debit Card,Retail Store
ORD0162,13-10-2020,23-10-2020,CUST7270,PROD771,4,766.49,0.15,274.33,Hyderabad,Telangana,South,UPI,Online
ORD0163,05-02-2022,07-02-2022,CUST3188,PROD523,2,1220.11,0.13,209.2,Ahmedabad,Gujarat,West,Debit Card,Wholesale
ORD0164,18-08-2024,28-08-2024,CUST4635,PROD204,3,1622.14,0.2,55.86,Mumbai,Maharashtra,West,Credit Card,Wholesale
ORD0165,22-03-2022,01-04-2022,CUST2431,PROD875,9,4489.04,0.23,173.17,Bengaluru,Karnataka,South,Net Banking,Wholesale
ORD0166,09-02-2020,12-02-2020,CUST2871,PROD740,6,4147.96,0.19,228.59,Kolkata,West Bengal,East,Net Banking,Retail Store
ORD0167,13-09-2022,16-09-2022,CUST6407,PROD176,2,3022.48,0.08,129.98,Ahmedabad,Gujarat,West,Cash on Delivery,Online
ORD0168,22-11-2021,25-11-2021,CUST8593,PROD836,10,52.78,0,279.24,Hyderabad,Telangana,South,Cash on Delivery,Wholesale
ORD0169,10-10-2022,11-10-2022,CUST3676,PROD672,9,1450.5,0.23,156.43,Chennai,Tamil Nadu,South,UPI,Online
ORD0170,03-06-2022,09-06-2022,CUST6149,PROD412,7,3273.51,0.08,49,Hyderabad,Telangana,South,Net Banking,Online
ORD0171,23-11-2023,26-11-2023,CUST5988,PROD852,5,3492.17,0.19,211.84,Chennai,Tamil Nadu,South,Debit Card,Online
ORD0172,05-02-2024,06-02-2024,CUST9482,PROD242,6,1412.81,0.2,298.8,Chennai,Tamil Nadu,South,Debit Card,Online
ORD0173,15-12-2023,17-12-2023,CUST6309,PROD990,5,3359.14,0.1,33.32,Ahmedabad,Gujarat,West,Cash on Delivery,Wholesale
ORD0174,15-11-2023,22-11-2023,CUST2746,PROD921,5,1368.95,0.02,283.17,Delhi,Delhi,North,UPI,Retail Store
ORD0175,27-07-2022,30-07-2022,CUST2162,PROD909,9,1553.61,0.11,47.28,Delhi,Delhi,North,UPI,Wholesale
ORD0176,27-02-2022,06-03-2022,CUST2281,PROD317,1,2663.97,0.23,266.36,Pune,Maharashtra,West,UPI,Online
ORD0177,10-03-2023,15-03-2023,CUST9207,PROD355,2,4522.8,0.06,182.99,Delhi,Delhi,North,Debit Card,Retail Store
ORD0178,05-04-2021,09-04-2021,CUST7509,PROD433,2,2476.31,0.06,123.06,Pune,Maharashtra,West,Credit Card,Online
ORD0179,08-07-2022,15-07-2022,CUST3193,PROD859,2,4147.42,0.04,138.64,Bengaluru,Karnataka,South,Cash on Delivery,Wholesale
ORD0180,04-08-2023,09-08-2023,CUST4138,PROD132,2,2916.4,0.25,72.72,Delhi,Delhi,North,Debit Card,Online
ORD0181,12-11-2021,13-11-2021,CUST2087,PROD889,5,4362.26,0,107.74,Pune,Maharashtra,West,UPI,Online
ORD0182,17-11-2023,20-11-2023,CUST4910,PROD855,10,1430.53,0,160.53,Ahmedabad,Gujarat,West,Net Banking,Wholesale
ORD0183,11-11-2023,19-11-2023,CUST6626,PROD939,7,1547.25,0.05,101.04,Mumbai,Maharashtra,West,Net Banking,Retail Store
ORD0184,27-07-2024,05-08-2024,CUST5030,PROD710,3,1489.13,0.21,139.5,Chennai,Tamil Nadu,South,Net Banking,Wholesale
ORD0185,28-03-2024,05-04-2024,CUST6459,PROD420,2,1596.36,0.2,92,Chennai,Tamil Nadu,South,Debit Card,Online
ORD0186,11-01-2022,20-01-2022,CUST7352,PROD905,7,4100.8,0.22,244.72,Mumbai,Maharashtra,West,Debit Card,Retail Store
ORD0187,06-08-2020,09-08-2020,CUST9064,PROD697,4,2523.3,0.16,232.19,Hyderabad,Telangana,South,Net Banking,Retail Store
ORD0188,28-02-2020,03-03-2020,CUST5760,PROD604,5,4227.91,0.07,117.72,Chennai,Tamil Nadu,South,Net Banking,Retail Store
ORD0189,10-07-2023,18-07-2023,CUST8686,PROD861,9,4601.08,0.03,138.96,Kolkata,West Bengal,East,Cash on Delivery,Retail Store
ORD0190,05-05-2021,13-05-2021,CUST7691,PROD295,2,1163.61,0.15,80.66,Mumbai,Maharashtra,West,Cash on Delivery,Wholesale
ORD0191,13-05-2023,21-05-2023,CUST5047,PROD288,4,1371.79,0.02,279.35,Ahmedabad,Gujarat,West,Credit Card,Online
ORD0192,05-10-2022,11-10-2022,CUST8655,PROD965,3,1893.92,0.22,199.62,Mumbai,Maharashtra,West,Cash on Delivery,Retail Store
ORD0193,13-03-2020,17-03-2020,CUST2007,PROD859,4,2618.44,0.2,28.25,Delhi,Delhi,North,Credit Card,Retail Store
ORD0194,20-11-2023,30-11-2023,CUST9479,PROD302,10,940.92,0.02,33.07,Bengaluru,Karnataka,South,Cash on Delivery,Retail Store
ORD0195,19-05-2022,22-05-2022,CUST8114,PROD290,9,1804.73,0.21,162.49,Mumbai,Maharashtra,West,Credit Card,Retail Store
ORD0196,30-06-2024,05-07-2024,CUST8095,PROD885,1,3574.92,0.04,185.93,Chennai,Tamil Nadu,South,Net Banking,Online
ORD0197,24-04-2023,03-05-2023,CUST9421,PROD886,3,2665.15,0.03,125.72,Delhi,Delhi,North,Debit Card,Wholesale
ORD0198,04-08-2024,06-08-2024,CUST7447,PROD958,6,2719.8,0.02,223.55,Kolkata,West Bengal,East,Net Banking,Wholesale
ORD0199,01-04-2023,07-04-2023,CUST1513,PROD264,9,279.37,0.04,124.39,Hyderabad,Telangana,South,Cash on Delivery,Wholesale
ORD0200,10-12-2022,18-12-2022,CUST5095,PROD934,10,1559.77,0.01,31,Chennai,Tamil Nadu,South,Debit Card,Wholesale
ORD0201,02-12-2024,06-12-2024,CUST6836,PROD503,5,92.03,0.27,21.52,Kolkata,West Bengal,East,UPI,Online
ORD0202,28-06-2023,02-07-2023,CUST4824,PROD753,10,180.43,0.16,111.05,Pune,Maharashtra,West,Cash on Delivery,Online
ORD0203,26-11-2023,02-12-2023,CUST4958,PROD635,7,295.53,0.05,22.5,Hyderabad,Telangana,South,Debit Card,Wholesale
ORD0204,15-01-2022,25-01-2022,CUST6584,PROD330,1,2125.86,0.28,128.8,Mumbai,Maharashtra,West,UPI,Online
ORD0205,30-11-2020,02-12-2020,CUST3149,PROD886,10,1199.78,0.27,212.66,Delhi,Delhi,North,Net Banking,Retail Store
ORD0206,27-11-2023,07-12-2023,CUST7399,PROD805,10,2556.26,0.11,219.94,Mumbai,Maharashtra,West,Net Banking,Online
ORD0207,23-09-2022,27-09-2022,CUST9693,PROD959,4,2378.35,0.02,209.97,Bengaluru,Karnataka,South,Debit Card,Retail Store
ORD0208,29-05-2021,06-06-2021,CUST1682,PROD934,8,439.53,0.08,64.84,Delhi,Delhi,North,Cash on Delivery,Wholesale
ORD0209,01-03-2023,09-03-2023,CUST3783,PROD573,5,2444.35,0.02,100.17,Ahmedabad,Gujarat,West,Credit Card,Wholesale
ORD0210,26-04-2021,30-04-2021,CUST9856,PROD162,3,3263.21,0.19,263.5,Kolkata,West Bengal,East,Net Banking,Wholesale
ORD0211,01-10-2020,08-10-2020,CUST1096,PROD333,1,2851.26,0.24,110.42,Ahmedabad,Gujarat,West,Debit Card,Retail Store
ORD0212,25-06-2021,28-06-2021,CUST4259,PROD503,6,109.82,0.05,263.15,Kolkata,West Bengal,East,Net Banking,Wholesale
ORD0213,31-12-2021,02-01-2022,CUST9592,PROD279,1,1317.1,0.06,98.79,Pune,Maharashtra,West,Credit Card,Wholesale
ORD0214,26-02-2023,01-03-2023,CUST9707,PROD803,10,4089.58,0.22,206.84,Kolkata,West Bengal,East,UPI,Online
ORD0215,01-04-2020,09-04-2020,CUST9858,PROD168,6,58.47,0.14,139.74,Bengaluru,Karnataka,South,Credit Card,Online
ORD0216,10-08-2022,17-08-2022,CUST7514,PROD494,10,2608.81,0.05,138.28,Hyderabad,Telangana,South,Debit Card,Retail Store
ORD0217,03-03-2020,12-03-2020,CUST5302,PROD464,2,2024.91,0.07,46.14,Mumbai,Maharashtra,West,Debit Card,Online
ORD0218,28-07-2020,04-08-2020,CUST6425,PROD251,9,2307.39,0.15,92.04,Delhi,Delhi,North,Credit Card,Wholesale
ORD0219,21-11-2023,22-11-2023,CUST1084,PROD817,7,3761.72,0.21,90.18,Mumbai,Maharashtra,West,Net Banking,Retail Store
ORD0220,01-02-2023,09-02-2023,CUST8004,PROD162,8,4486.37,0.05,178.69,Pune,Maharashtra,West,Credit Card,Wholesale
ORD0221,30-07-2021,08-08-2021,CUST2667,PROD900,2,4108.17,0.18,195.1,Kolkata,West Bengal,East,Net Banking,Retail Store
ORD0222,28-08-2020,02-09-2020,CUST4242,PROD140,3,1716.47,0.2,122.58,Ahmedabad,Gujarat,West,Cash on Delivery,Wholesale
ORD0223,02-11-2022,08-11-2022,CUST7045,PROD781,1,4935.56,0.03,151.23,Pune,Maharashtra,West,Credit Card,Retail Store
ORD0224,16-02-2020,17-02-2020,CUST6407,PROD972,5,1139.34,0.02,260.65,Mumbai,Maharashtra,West,Net Banking,Retail Store
ORD0225,28-12-2022,07-01-2023,CUST3728,PROD793,1,1164.98,0.24,180.04,Pune,Maharashtra,West,Credit Card,Wholesale
ORD0226,11-01-2022,15-01-2022,CUST7352,PROD626,8,1061.21,0.06,258.12,Ahmedabad,Gujarat,West,UPI,Retail Store
ORD0227,08-07-2022,18-07-2022,CUST5413,PROD738,5,4096.67,0.12,197.94,Chennai,Tamil Nadu,South,Net Banking,Online
ORD0228,17-04-2024,22-04-2024,CUST3376,PROD157,6,3091.26,0.1,91.79,Chennai,Tamil Nadu,South,Debit Card,Wholesale
ORD0229,26-10-2021,03-11-2021,CUST5203,PROD123,8,4974.13,0.17,202.01,Chennai,Tamil Nadu,South,Debit Card,Retail Store
ORD0230,19-10-2020,20-10-2020,CUST4236,PROD390,5,3292.3,0.2,255.17,Delhi,Delhi,North,Credit Card,Wholesale
ORD0231,14-10-2022,15-10-2022,CUST4477,PROD375,7,3089.88,0.29,81.72,Delhi,Delhi,North,Net Banking,Wholesale
ORD0232,11-02-2023,17-02-2023,CUST4906,PROD287,6,2258.36,0.13,175.65,Bengaluru,Karnataka,South,Net Banking,Online
ORD0233,04-07-2024,14-07-2024,CUST5459,PROD462,2,3616.46,0.2,92.6,Ahmedabad,Gujarat,West,Credit Card,Wholesale
ORD0234,12-08-2023,14-08-2023,CUST8105,PROD531,9,1796.41,0.21,280.99,Hyderabad,Telangana,South,Cash on Delivery,Wholesale
ORD0235,14-03-2021,18-03-2021,CUST5176,PROD682,10,2228.03,0.22,136.47,Delhi,Delhi,North,Credit Card,Online
ORD0236,23-06-2023,24-06-2023,CUST7150,PROD828,9,111.52,0.03,231.76,Ahmedabad,Gujarat,West,UPI,Wholesale
ORD0237,18-11-2020,24-11-2020,CUST6926,PROD264,9,3326.83,0.21,260.07,Kolkata,West Bengal,East,Debit Card,Retail Store
ORD0238,20-09-2023,22-09-2023,CUST9135,PROD460,9,1590.08,0.27,242.86,Pune,Maharashtra,West,Debit Card,Retail Store
ORD0239,04-03-2024,06-03-2024,CUST6696,PROD866,4,3346.88,0.2,91.78,Pune,Maharashtra,West,Credit Card,Online
ORD0240,14-12-2021,16-12-2021,CUST9933,PROD311,9,4929.22,0.02,41.34,Mumbai,Maharashtra,West,Debit Card,Retail Store
ORD0241,22-06-2021,27-06-2021,CUST4879,PROD811,2,4000.68,0.19,177.03,Pune,Maharashtra,West,Cash on Delivery,Retail Store
ORD0242,02-03-2023,03-03-2023,CUST2397,PROD543,6,1468.55,0.01,204.36,Chennai,Tamil Nadu,South,Cash on Delivery,Online
ORD0243,07-02-2023,13-02-2023,CUST5108,PROD399,2,167.48,0.21,164.97,Hyderabad,Telangana,South,Cash on Delivery,Wholesale
ORD0244,13-11-2022,19-11-2022,CUST6692,PROD352,8,2597.96,0.06,157.26,Hyderabad,Telangana,South,Cash on Delivery,Online
ORD0245,23-12-2024,25-12-2024,CUST3255,PROD906,3,4271.62,0.18,136.34,Delhi,Delhi,North,Net Banking,Online
ORD0246,11-09-2024,20-09-2024,CUST9116,PROD942,4,433.21,0.26,63.51,Pune,Maharashtra,West,Debit Card,Retail Store
ORD0247,10-03-2021,11-03-2021,CUST6707,PROD189,6,3220.8,0.06,159.06,Pune,Maharashtra,West,Debit Card,Online
ORD0248,21-02-2024,25-02-2024,CUST8253,PROD952,5,4819.84,0,50.36,Mumbai,Maharashtra,West,UPI,Online
ORD0249,21-10-2021,24-10-2021,CUST7842,PROD382,8,2921.79,0.05,78.93,Chennai,Tamil Nadu,South,Credit Card,Online
ORD0250,21-09-2023,28-09-2023,CUST1148,PROD458,2,1130.43,0.12,243.01,Mumbai,Maharashtra,West,UPI,Wholesale
ORD0251,13-10-2021,17-10-2021,CUST6520,PROD825,10,2521.88,0.14,250.68,Delhi,Delhi,North,UPI,Online
ORD0252,15-03-2023,17-03-2023,CUST6350,PROD151,3,1656.33,0.29,246.4,Chennai,Tamil Nadu,South,Net Banking,Online
ORD0253,30-01-2021,03-02-2021,CUST3692,PROD759,6,2304.67,0.06,107.04,Chennai,Tamil Nadu,South,UPI,Retail Store
ORD0254,08-02-2023,14-02-2023,CUST3246,PROD915,6,1720.31,0.14,70.85,Hyderabad,Telangana,South,Debit Card,Online
ORD0255,19-04-2020,25-04-2020,CUST5936,PROD420,4,3289.27,0.26,205.28,Delhi,Delhi,North,UPI,Wholesale
ORD0256,16-10-2023,19-10-2023,CUST5831,PROD801,6,261.87,0.23,37.27,Pune,Maharashtra,West,Credit Card,Online
ORD0257,03-06-2021,13-06-2021,CUST3023,PROD395,3,1255.65,0.07,299.36,Kolkata,West Bengal,East,Cash on Delivery,Retail Store
ORD0258,05-05-2020,10-05-2020,CUST9826,PROD413,2,3708.14,0.28,119.86,Pune,Maharashtra,West,Cash on Delivery,Wholesale
ORD0259,20-04-2024,23-04-2024,CUST7412,PROD324,1,587.15,0.11,173.9,Delhi,Delhi,North,Net Banking,Online
ORD0260,06-09-2020,11-09-2020,CUST7414,PROD161,9,1997.46,0.29,280.34,Ahmedabad,Gujarat,West,Net Banking,Retail Store
ORD0261,14-02-2023,16-02-2023,CUST1178,PROD627,9,3158.17,0.11,230.63,Ahmedabad,Gujarat,West,UPI,Retail Store
ORD0262,26-04-2024,04-05-2024,CUST3869,PROD556,6,2506.24,0.28,248.01,Bengaluru,Karnataka,South,Net Banking,Wholesale
ORD0263,30-08-2021,03-09-2021,CUST4654,PROD374,2,4856.97,0.01,157.57,Pune,Maharashtra,West,Credit Card,Online
ORD0264,25-08-2022,04-09-2022,CUST7133,PROD901,2,335.03,0.27,108.17,Pune,Maharashtra,West,UPI,Online
ORD0265,21-04-2021,23-04-2021,CUST2538,PROD154,1,936.6,0.29,156.84,Delhi,Delhi,North,Debit Card,Wholesale
ORD0266,28-12-2024,29-12-2024,CUST8975,PROD495,8,2497.89,0.18,123.69,Bengaluru,Karnataka,South,Credit Card,Retail Store
ORD0267,19-02-2021,23-02-2021,CUST2290,PROD175,9,3254.95,0.2,78.15,Bengaluru,Karnataka,South,Credit Card,Wholesale
ORD0268,08-12-2020,16-12-2020,CUST6561,PROD563,10,3054.92,0.2,122.45,Mumbai,Maharashtra,West,UPI,Retail Store
ORD0269,13-04-2021,23-04-2021,CUST3673,PROD510,5,772.04,0.27,68.47,Kolkata,West Bengal,East,Net Banking,Retail Store
ORD0270,08-09-2022,10-09-2022,CUST9645,PROD480,6,4078.86,0.06,103.79,Pune,Maharashtra,West,Net Banking,Online
ORD0271,20-07-2024,23-07-2024,CUST3061,PROD143,9,4490.03,0.12,67.25,Hyderabad,Telangana,South,Debit Card,Online
ORD0272,05-12-2024,15-12-2024,CUST1937,PROD612,5,3968.35,0.24,273.63,Kolkata,West Bengal,East,UPI,Retail Store
ORD0273,02-05-2021,05-05-2021,CUST1205,PROD130,4,2195.52,0.02,213.37,Hyderabad,Telangana,South,Debit Card,Retail Store
ORD0274,08-06-2020,10-06-2020,CUST5687,PROD712,9,1181.39,0.11,178.11,Delhi,Delhi,North,Cash on Delivery,Wholesale
ORD0275,02-11-2021,04-11-2021,CUST9863,PROD256,5,1447.3,0.28,288.02,Bengaluru,Karnataka,South,Cash on Delivery,Retail Store
ORD0276,19-05-2020,28-05-2020,CUST9183,PROD146,3,3270.25,0.05,278.3,Bengaluru,Karnataka,South,Cash on Delivery,Wholesale
ORD0277,01-11-2020,08-11-2020,CUST6032,PROD898,5,1284.6,0.06,256.75,Chennai,Tamil Nadu,South,Credit Card,Retail Store
ORD0278,24-11-2022,28-11-2022,CUST4145,PROD685,7,1944.1,0.01,133.08,Chennai,Tamil Nadu,South,Credit Card,Online
ORD0279,12-08-2021,15-08-2021,CUST6474,PROD218,5,1879.23,0.28,278.28,Ahmedabad,Gujarat,West,Cash on Delivery,Online
ORD0280,04-01-2022,09-01-2022,CUST6095,PROD507,6,3622.06,0.26,282.55,Ahmedabad,Gujarat,West,UPI,Wholesale
ORD0281,17-09-2022,21-09-2022,CUST1748,PROD503,2,3568.06,0.3,119.15,Kolkata,West Bengal,East,UPI,Retail Store
ORD0282,31-10-2021,08-11-2021,CUST4278,PROD679,10,4281.88,0.02,155.67,Hyderabad,Telangana,South,Credit Card,Wholesale
ORD0283,30-06-2023,09-07-2023,CUST8140,PROD471,2,2895.69,0.2,184.61,Chennai,Tamil Nadu,South,Debit Card,Retail Store
ORD0284,26-04-2023,29-04-2023,CUST2974,PROD947,10,2237.81,0.22,137.12,Mumbai,Maharashtra,West,Cash on Delivery,Online
ORD0285,07-02-2024,17-02-2024,CUST7244,PROD506,8,2042.25,0.06,172.59,Delhi,Delhi,North,Credit Card,Wholesale
ORD0286,24-07-2024,28-07-2024,CUST7669,PROD609,3,844.25,0.17,297.28,Delhi,Delhi,North,Net Banking,Retail Store
ORD0287,21-05-2020,31-05-2020,CUST1393,PROD595,7,1885.92,0.22,99.53,Kolkata,West Bengal,East,UPI,Online
ORD0288,19-10-2020,25-10-2020,CUST5647,PROD169,7,3405.55,0.1,48.43,Delhi,Delhi,North,Cash on Delivery,Online
ORD0289,08-10-2024,10-10-2024,CUST7835,PROD932,9,3298.47,0.13,115.62,Mumbai,Maharashtra,West,UPI,Online
ORD0290,22-05-2021,25-05-2021,CUST9000,PROD417,7,494.44,0.26,20.74,Delhi,Delhi,North,Debit Card,Online
ORD0291,20-09-2021,26-09-2021,CUST3691,PROD544,7,3279.67,0.24,236.13,Chennai,Tamil Nadu,South,Debit Card,Retail Store
ORD0292,28-04-2022,02-05-2022,CUST8058,PROD857,3,961.52,0.03,169.78,Chennai,Tamil Nadu,South,Credit Card,Wholesale
ORD0293,13-11-2021,17-11-2021,CUST2911,PROD150,6,1247.56,0.21,298.44,Pune,Maharashtra,West,Cash on Delivery,Retail Store
ORD0294,03-05-2020,06-05-2020,CUST5205,PROD969,3,2567.41,0.06,264.1,Kolkata,West Bengal,East,UPI,Wholesale
ORD0295,08-03-2024,12-03-2024,CUST3840,PROD552,5,4806.17,0.03,274.16,Mumbai,Maharashtra,West,Debit Card,Retail Store
ORD0296,06-11-2023,08-11-2023,CUST7854,PROD213,3,3475.21,0.15,75.32,Bengaluru,Karnataka,South,Cash on Delivery,Wholesale
ORD0297,08-04-2021,17-04-2021,CUST9414,PROD702,3,3760.86,0.28,62.27,Ahmedabad,Gujarat,West,UPI,Retail Store
ORD0298,16-11-2021,24-11-2021,CUST8049,PROD828,4,4574.97,0.05,58.4,Delhi,Delhi,North,Debit Card,Wholesale
ORD0299,28-04-2024,03-05-2024,CUST6003,PROD699,6,718.19,0.2,138.09,Hyderabad,Telangana,South,Cash on Delivery,Wholesale
ORD0300,24-08-2021,03-09-2021,CUST5624,PROD421,7,3947.88,0.14,260.31,Bengaluru,Karnataka,South,UPI,Wholesale
